date,a2c,ddpg,td3,ppo,sac,dji,nasdaq
2021-10-01,1000000.0,1000000.0,1000000.0,1000000.0,1000000.0,1000000.0,1000000.0
2021-10-04,999882.538607788,999829.0382633209,999820.4528770447,999586.3915477754,999690.2449493408,990574.6455164986,978383.395914999
2021-10-05,1000200.3354976653,1000181.1932250977,1000342.3602870941,1000201.4354156496,1000442.0897628785,999656.560502364,992041.5927377759
2021-10-06,1000192.143943405,1000914.5413597107,1000452.6980113983,1000804.2227973939,1000895.7690883637,1002637.2466394025,998301.7619145863
2021-10-07,1001517.4644809722,1002269.9892147065,1002071.3425823211,1003194.4200199128,1002126.3788677215,1012482.5122383039,1007116.0552919331
2021-10-08,1001953.5295021055,1001544.7582061768,1002492.7373245239,1001920.6943405152,1002137.4855873107,1012229.3138015111,1001952.4159273779
2021-10-11,1001146.2386821746,1000082.3975482942,1001203.581306076,999865.9077892303,1000513.2659683226,1004940.7265304396,994717.3922013617
2021-10-12,1002063.5087562561,1001116.0181678773,1001886.7508628846,1000538.1320335389,1000100.0854789732,1001511.3386242893,991227.6294615226
2021-10-13,1002538.4839176178,1002616.442448044,1002515.2147808076,1002644.4709659577,1001946.25647583,1001495.8622254562,998832.4324324324
2021-10-14,1005355.2279190064,1007301.9138977053,1006974.484300232,1010612.1513526917,1009560.7375381469,1017074.2232156451,1017614.3924076748
2021-10-15,1008954.9670211793,1010676.5769325258,1011516.213623047,1014820.3188453674,1012008.9913871764,1028208.5817997096,1024003.0369300599
2021-10-18,1011481.3255268098,1012113.0081302646,1014107.3706027986,1015241.3020679473,1012787.6035404205,1027155.3900997022,1034412.1147101299
2021-10-19,1011991.5712554932,1013111.9762401583,1015318.6323715211,1018678.7220035552,1017462.7144584656,1032943.9046544586,1041837.1446255416
2021-10-20,1012753.5734313965,1015504.1548191074,1016891.3462799073,1024229.7651737212,1020377.0411735536,1037372.8858499513,1040349.1809366619
2021-10-21,1014951.9284095764,1019487.9014610294,1019365.1600349427,1028617.8502105712,1019756.1674488068,1037190.4691784104,1047169.1355477615
2021-10-22,1015467.8649868012,1020238.346632004,1020410.0269641876,1029889.6909557341,1020442.5880733491,1039344.5335424772,1038074.9824633795
2021-10-25,1024158.032862854,1027584.7167358401,1029463.0133567811,1038774.7292846679,1023722.2536548616,1041212.7397163314,1048832.2508768311
2021-10-26,1024765.5574466705,1027505.9264049532,1028987.0181423188,1040109.2883347167,1024866.6257225038,1041671.0004376635,1051894.7307612957
2021-10-27,1021509.7541923523,1024618.4689086918,1023588.0246444703,1034085.4174851073,1016695.3245170594,1033916.4142458431,1054524.5141324531
2021-10-28,1028025.2132808685,1033125.5145404818,1032474.1883899691,1044507.9539230956,1025076.9245166779,1040901.9599721152,1066677.8460903652
2021-10-29,1028005.5150131225,1033272.1584053043,1032502.6474502564,1046078.6480759276,1024192.4391983033,1043496.9879058771,1071566.3131834124
2021-11-01,1037579.9900913239,1042151.4870265964,1042658.5113468171,1053237.5865677488,1027055.9381576539,1046243.5935105638,1075271.7639777183
2021-11-02,1033648.9415599823,1041001.1740028384,1039465.1764621735,1055123.2785080564,1031889.9986457825,1050286.8027057296,1079815.473488756
2021-11-03,1041218.0894454955,1049663.3594066624,1046510.2837234498,1064096.2959488523,1033863.6702445451,1053344.1880546326,1091444.142768723
2021-11-04,1046733.2509571074,1056501.2850031285,1052994.357554245,1067394.0865677488,1039662.9173148576,1052372.7026367004,1105082.7315865483
2021-11-05,1051817.2888721465,1064549.9901575474,1060666.4892520905,1071606.755757202,1048197.7601874772,1058307.4464010203,1105971.0336290488
2021-11-08,1045963.0824508666,1054885.2973780064,1055913.1457580568,1067854.8488663328,1052358.2461036148,1061345.0310631809,1104392.490200124
2021-11-09,1035723.6527229308,1047753.4770807651,1046575.8871394044,1062660.7891129148,1053513.8548758926,1058075.300418523,1096544.2706828967
2021-11-10,1029351.671516037,1046312.6780695346,1039135.3937312013,1061276.0288590086,1042835.6094993058,1051082.471681035,1080699.7482979163
2021-11-11,1028652.1328609466,1042953.1251520541,1037397.3252344972,1059469.2023361814,1044654.9033530656,1046458.8975296255,1083870.3693005983
2021-11-12,1030502.6966648102,1046399.883193436,1041180.1804514772,1063901.7058914793,1051934.754770607,1051675.8095010067,1095188.743552713
2021-11-15,1031336.5149932861,1049264.8204645542,1042401.5008021242,1063877.7563217771,1054018.8156150284,1051301.1896116037,1094460.672580978
2021-11-16,1041567.9842361449,1055113.7111658482,1050937.5274821168,1068526.276509155,1056902.4807685318,1052896.7380530736,1102617.140499278
2021-11-17,1041634.5305496216,1056532.3082270054,1049457.5020991212,1068952.004093994,1051469.7913688126,1046744.9833139386,1102502.265318754
2021-11-18,1047777.1386302947,1060211.2600550083,1053730.8520670778,1071084.6936234129,1052443.9717963638,1044994.1018988858,1114326.354446049
2021-11-19,1042210.8769376525,1061412.5030054478,1048323.1266184694,1070440.4048050535,1050001.4489692154,1037158.4922072919,1120435.733443367
2021-11-22,1045315.0027017822,1063068.2613214878,1051397.5725184327,1070788.9194077146,1049578.6657432022,1037661.58896642,1107431.3348462968
2021-11-23,1047476.0387819214,1061126.8008264927,1053550.0615702516,1069730.2544754636,1052940.5551703873,1043329.2510538177,1102410.9593563029
2021-11-24,1050278.113502449,1061453.4682306675,1055494.4798212892,1068931.3980911863,1055295.3148673477,1043054.7725686292,1106540.9201567979
2021-11-26,1018769.4708909454,1036811.5716242221,1024365.1151972658,1048881.6030777586,1029502.3239615861,1016689.1339976199,1083404.5966577264
2021-11-29,1030854.9925536193,1047385.5802301791,1034158.2254725343,1057371.299015869,1042710.1816886369,1023581.821330893,1108665.7808953992
2021-11-30,1013739.1819464797,1025990.465651932,1014740.5696116334,1035458.2175491942,1022419.119943947,1004581.241648719,1090864.0891272952
2021-12-01,998137.6537139053,1013543.4512323764,999128.4701929933,1025143.6966446532,1011580.2117179338,991131.5682803923,1073408.5413657932
2021-12-02,1016340.8994870452,1030694.7175745395,1020641.1218882448,1040494.0219162597,1029930.7266486589,1009127.8889941637,1081050.5797400454
2021-12-03,1000242.1153199462,1024604.417983475,1007369.8329935914,1036188.156437744,1023631.0965369645,1007388.3872841356,1062207.8151433875
2021-12-06,1012830.4952111816,1039207.4501490024,1021121.1434336549,1049227.461476196,1037368.4235022966,1026235.4547455304,1071274.9659583247
2021-12-07,1034432.6572831726,1054305.2129358677,1040974.3217936403,1064367.513203491,1059070.3318732681,1040580.0281169752,1103691.4214978337
2021-12-08,1035465.437268341,1055444.4600672154,1042435.4378977662,1067302.6983688963,1061981.3010962906,1041608.9810452805,1108334.4914380028
2021-12-09,1022008.0948065643,1046454.5156702426,1030979.0438090211,1060735.8275955808,1055013.5227454605,1041607.2740895269,1091786.9197441717
2021-12-10,1029074.351314476,1054465.6444391636,1036882.1612482911,1067766.4832352293,1066336.9091971817,1047908.4443556322,1104118.7043532082
2021-12-13,1006719.0236396103,1043642.5351099399,1015468.9755869752,1061255.7166336668,1055749.00158152,1038585.0520291493,1087256.0181555601
2021-12-14,1002701.7370265427,1037783.9036859897,1009965.6384516603,1056238.1620224607,1045808.0749381486,1035474.6372548327,1075922.1291520528
2021-12-15,1011524.0759776535,1050149.2675928501,1018433.1269999391,1069313.4348801267,1059982.2213996353,1046639.4934483625,1101252.898700227
2021-12-16,998673.4061070174,1041828.6770471957,1009059.9478159791,1066068.8684433592,1052614.945734352,1045771.6771432024,1072476.9960800495
2021-12-17,987854.3545269698,1029126.6767115024,996156.0708628541,1054230.3961685789,1039318.0457862321,1030267.6256268226,1068253.022488137
2021-12-20,973422.0969869308,1018105.1198267367,980281.8934183961,1042874.1413010253,1026850.4614661637,1017645.256813769,1056501.951722715
2021-12-21,995507.0215470962,1034023.5069879916,1003991.7189722902,1056501.960759033,1045616.1183188859,1033974.9059296683,1080747.7449969053
2021-12-22,1009828.8743727722,1044965.9075464633,1015410.6434183961,1067667.1810654295,1054002.8336280289,1041583.9456942269,1093853.5506498865
2021-12-23,1019958.8858939209,1054708.1510919956,1026315.3614436036,1076670.9334305418,1060637.7666495743,1047313.2857828566,1102511.706210027
2021-12-27,1031518.8190766716,1064562.4580225376,1038219.2899332887,1087785.4753464353,1077269.0777839127,1057562.5309101238,1120040.9325355892
2021-12-28,1032352.7026021385,1068437.7286981968,1039750.9064265138,1090615.5584763181,1078782.3844626846,1060354.3139437574,1114710.9882401484
2021-12-29,1033376.0803597984,1071527.6892847447,1040296.4001170045,1094537.0659683836,1080400.654291481,1062988.374265753,1114869.8328863215
2021-12-30,1029611.9028066215,1068941.1216425328,1036392.3005610353,1092701.0663498533,1076205.782732338,1060350.4448440492,1110684.4151021251
2021-12-31,1028836.2095704193,1070595.0098108677,1036420.0421305543,1093455.5820511472,1076983.4017737808,1058609.0085841666,1103314.1819682277
2022-01-03,1053124.8586311187,1080831.6137689976,1054958.4379664308,1096646.4260147703,1078250.5043509903,1065797.568248074,1115597.2436558697
2022-01-04,1055472.7144082948,1083366.1963037876,1064434.8798685914,1097106.7241257322,1084623.328272194,1072049.0092032226,1100586.3585723129
2022-01-05,1035199.8740471497,1067408.1999353794,1045912.5139017946,1084436.588795532,1070494.2506965103,1060613.543624213,1066246.5360016504
2022-01-06,1036566.6275801086,1065123.2801050572,1050488.8939829713,1078644.6615189207,1068363.8994086685,1055642.4332813583,1065812.5190839695
2022-01-07,1027428.4320704498,1058453.7787775425,1044829.3878565675,1072718.5330856931,1067606.6605704727,1055502.3491125081,1054105.4177841963
2022-01-10,1021410.2086898498,1050331.8702234654,1037782.9700480348,1067924.233326782,1061754.0620063248,1050759.9708406439,1055608.8962244687
2022-01-11,1031939.9757339477,1054652.9845270542,1050364.0499659425,1074166.4171799314,1072494.2069571915,1056095.4593383793,1071137.049721477
2022-01-12,1036886.6633191528,1059136.3300623326,1055041.9291239625,1078056.0397843015,1077620.9247229996,1057211.239416021,1075259.55023726
2022-01-13,1022323.7979675598,1051183.24655098,1043864.5320521242,1068029.2690170896,1067043.2376120987,1052063.629848238,1047576.8103981843
2022-01-14,1021028.4140684739,1046751.227446976,1042375.3820124513,1063447.959095825,1069132.6991599503,1046184.4190444371,1055416.9094285124
2022-01-18,1004630.3970431747,1030660.096663895,1027909.2047282106,1047637.5371903075,1053932.2347052994,1030355.8183407617,1028318.9106663915
2022-01-19,991571.5547018127,1021543.9013361362,1013016.1643916017,1040064.353779663,1045663.259950966,1020456.1577518436,1017304.7575820095
2022-01-20,976966.6852333832,1009382.48974556,998586.9439020997,1028332.9815415038,1034545.1618674699,1011330.3171045842,1003690.5302248813
2022-01-21,954698.473224472,994152.7983087924,976873.1047907716,1012395.5641983642,1018236.7867453996,998220.3279312357,976103.7837837838
2022-01-24,962679.8403577652,998535.3174890903,985314.5444193727,1014913.0742996825,1020775.2737983171,1001108.155675275,980915.8654838044
2022-01-25,952431.8140963211,984516.5504145053,981083.6993189699,1002817.231526245,1011767.8773978654,999163.022695456,956547.0765421911
2022-01-26,947932.500659954,977847.3027643588,976563.7612391359,995884.9952438964,1008556.9570334855,995386.3261919615,958145.2279760677
2022-01-27,933013.0663429565,968053.5824579623,963855.4305048829,989931.3718002929,1007688.5310996476,995173.4119109552,946676.1295646792
2022-01-28,949772.6383239479,982533.9439997104,976103.1205225831,1004734.5011643065,1026034.7881339494,1011623.9134942136,977199.6533938518
2022-01-31,977298.5604724311,1004779.30224556,998192.3891077882,1023226.7179154052,1043104.7473166886,1023462.903413388,1009341.5968640395
2022-02-01,983679.2136060905,1008364.2604669955,1011752.7851801759,1028300.6864212645,1052627.8313773575,1031426.9899747075,1015400.9985558076
2022-02-02,981801.4650155602,1011795.64939827,1011874.6056528932,1033697.9596909179,1060322.644525856,1037955.1853560493,1023517.6562822363
2022-02-03,958636.3125853539,993948.6174005893,990237.7783137208,1018085.0015457763,1041074.6193717424,1022859.8928441457,980343.272127089
2022-02-04,978059.9150297355,1000072.1833032992,1005072.5466929323,1019641.1011246337,1038152.6917823259,1022235.829820608,993407.1549412007
2022-02-07,977194.6468267327,999451.2761072543,1006738.7538615114,1018202.9844864501,1036707.9394477311,1022276.3415704949,985085.0422942026
2022-02-08,988693.1918267441,1008674.5653681186,1013780.2726069337,1028257.5052841796,1042921.1032889787,1033103.3343218503,996968.6156385393
2022-02-09,999252.9881361657,1018462.8985742953,1025804.5862131959,1039461.6978043212,1059516.3979590836,1041996.6875954616,1017921.3204043738
2022-02-10,983423.2783565865,1000981.7375635531,1011072.4009562379,1023446.5274399413,1040641.3337500993,1026659.5763517894,994170.4146894986
2022-02-11,959904.0443722267,984255.621398392,996655.0756464845,1006918.7996262206,1027938.3654654924,1011990.6813871495,963626.6226531876
2022-02-14,963429.0229740486,984046.9515222934,993209.7550364381,1003707.8215378417,1020873.887659401,1006983.2697852672,964623.7920363111
2022-02-15,981252.5621937179,996684.496978226,1007189.6112452394,1017135.3873032226,1034160.761614174,1019296.4520128081,988436.2285950072
2022-02-16,983827.1207375297,999829.5344080356,1011338.5612650758,1020560.5810440673,1037733.689676613,1017706.7072209007,987274.7348875593
2022-02-17,963378.3914416771,985205.4276575473,990852.8289500123,1004817.8979843749,1020007.6381476823,999579.633696399,958076.3028677532
2022-02-18,958937.5876064034,980710.7842096713,984796.524758423,999994.2860153808,1013366.1985953752,992796.1915313601,947110.8066845472
2022-02-22,935213.644039463,964566.6115717319,965484.5284968263,986436.4754074706,1003242.5657065812,978737.931538329,937713.0926346193
2022-02-23,908627.9543991737,942632.4008631137,945670.0030070192,968653.1042374267,987747.985315651,965195.9687622546,913300.9944295441
2022-02-24,921874.9872756234,952795.6113733676,956384.9077006227,976196.7468155517,1001025.7592414323,967878.051439453,944753.4227357128
2022-02-25,942444.1796381111,976357.2642206576,978580.0985194093,1002917.8544205321,1025017.3726066056,992201.0329585845,959253.9715287806
2022-02-28,945118.6379761238,979514.2236322787,986440.5262843019,1002105.8693741454,1028272.164171547,987360.7892235103,962542.9007633588
2022-03-01,931891.3802557258,967338.0859064487,973793.179848755,989634.6562851561,1014343.94853434,969949.9543332437,946870.8231896018
2022-03-02,949816.8100760079,984578.1088556674,995110.0915614015,1007296.4755600585,1035073.8898642961,987324.3741674323,962940.4745203218
2022-03-03,933892.0714068031,979431.8535761264,985027.6169062501,1004739.4842575683,1034506.5189383927,984507.5557827451,948846.2141530843
2022-03-04,921739.3270828743,975900.9632563022,980608.0912867433,1002736.0983780517,1035243.5679496232,979267.8844013149,935502.4056117187
2022-03-07,882058.6251251716,948707.6960291293,951113.0213786012,975785.8778580321,1015535.3212226335,956037.3545645248,900452.7336496803
2022-03-08,878881.7514450569,940934.9831995395,952885.041718567,965825.8231857909,1011869.0287574235,950655.55066734,896952.8698163813
2022-03-09,903083.2983887214,957432.2484735873,968588.6665278322,984887.869908203,1027465.6117881242,969696.5283023505,929037.3756963069
2022-03-10,906502.4776794929,959456.5590967563,976236.6825419313,986595.537083496,1027677.4955390397,966428.5046134462,918815.5312564473
2022-03-11,890521.3175156135,947400.6247400668,963522.8507090455,975811.7372482909,1017165.1704200212,959731.6620036429,899266.2842995668
2022-03-14,879730.6496155281,942275.7327112582,952635.3247843629,973411.1953323974,1006775.6773322526,959762.1596131083,882014.2108520734
2022-03-15,907051.7399628181,964657.7168726352,965558.561905945,994321.1749008788,1018959.6869910661,977215.2132090154,909861.9352176605
2022-03-16,932423.8347809333,981272.2537226108,985838.7520686036,1010399.5260666503,1034098.7185538713,992327.8028725561,943544.6585516814
2022-03-17,946274.4570114631,993050.9240564731,1003988.360657776,1024328.1446579589,1048437.4125770036,1004495.0972816844,954483.7466474108
2022-03-18,962713.4080612678,1001821.0705408481,1014824.0105143434,1032609.2448319091,1055774.2593024673,1012482.170847153,974865.2444811224
2022-03-21,956405.1863663215,1000055.8681177524,1018624.0207682496,1032258.8985642089,1064350.4280799332,1006599.204740694,971891.2977099237
2022-03-22,977073.5127136726,1013458.1408991244,1031950.089135254,1042350.7409866942,1070531.4887259903,1014012.513578833,990701.6463792037
2022-03-23,965565.9100449104,1004575.0587610629,1024804.7409525758,1031755.5386551513,1065142.529871315,1000933.3634061004,976722.3272127089
2022-03-24,972966.5408432502,1012640.8945307162,1031756.9367457277,1042481.5537003173,1081441.5795615616,1011113.3061297692,998230.1299773055
2022-03-25,973245.1668121833,1017205.631164017,1037988.8295679933,1048040.3392838134,1090571.5883353653,1015579.1575695408,997460.7303486693
2022-03-28,994804.8061172981,1030674.3476099399,1045757.4836741334,1058351.103413452,1090911.6397651138,1018336.5738940007,1013218.7662471632
2022-03-29,1010391.5112564582,1043799.5162653354,1056511.0425806886,1069827.9909104002,1103203.619600624,1028191.9674303739,1030249.737982257
2022-03-30,997922.8997070808,1038147.5447687533,1050085.1355372316,1065775.4335373533,1100683.5524619522,1026287.2324033914,1018907.662471632
2022-03-31,981594.6866791267,1025235.8340601352,1031650.1627512819,1052867.4847916258,1087004.9710334244,1010251.2934741717,1003151.7392201361
2022-04-01,984248.6691086311,1028096.768386307,1031494.038468445,1057915.7750900877,1089828.1307319107,1014327.3900168579,1004687.699608005
2022-04-04,1001412.9622757453,1035761.7307428744,1041857.7521601564,1061592.025929321,1095185.3764213028,1017345.7429775272,1024858.9230451826
2022-04-05,982466.1067154426,1023127.1022791293,1022961.8690348512,1052123.0274857176,1081523.1464484634,1009168.4007440506,1001944.9556426656
2022-04-06,964347.9564545173,1015848.5101618198,1009087.6989680177,1048556.5341690673,1073636.3525718155,1004953.9269882677,980193.1421497833
2022-04-07,970389.259860279,1020560.5908350375,1014726.9408732301,1056869.3718308103,1077788.3864844742,1007490.1218470535,982418.6837218897
2022-04-08,964179.9132721443,1016672.0387567905,1015158.2152796632,1056300.241719116,1077978.4560721817,1011497.257377292,968590.1547348875
2022-04-11,949132.0399963874,1004867.6733698276,999303.0754328615,1043013.4684952392,1060520.893694252,999464.4710815522,945804.0024757582
2022-04-12,950644.5139038581,1006138.2900995639,1002038.6360255128,1041787.8517960204,1062073.6829398575,996909.0445212752,942425.8139055086
2022-04-13,970413.8381378669,1019374.3202051547,1018774.0009165651,1054080.6424454344,1074242.9061377945,1006937.1819799184,961155.6839282031
2022-04-14,959343.6488831062,1013167.3159326938,1011456.853638733,1048215.6420181884,1065908.9299109878,1003634.7915818405,939246.3461935217
2022-04-18,960290.2710297126,1011181.07517952,1015425.1653300172,1044653.6950882567,1067927.3395331802,1002482.9378392716,940432.7955436353
2022-04-19,985426.6992981452,1031570.5322260287,1033263.5322657472,1062072.7603958738,1079441.9424308243,1017034.6218421602,960680.4043738395
2022-04-20,978110.3513367195,1031419.9459375766,1029889.6679240114,1065593.0692795408,1083555.4646705093,1024305.6843674944,946366.4947390138
2022-04-21,970132.0673859138,1021743.9220575717,1014799.1910181886,1054242.7447403562,1064361.4844687881,1013584.2952787653,927566.9733855993
2022-04-22,948863.0821106452,1000233.9511255649,990030.2345286256,1026392.0510758056,1035967.9745276872,984995.1761430401,902987.2498452652
2022-04-25,955115.2924072761,1002879.6237329867,987279.3508463746,1029297.7203720702,1033823.2048896257,991930.4235731044,914909.3129770992
2022-04-26,913570.1581680793,972094.4192804721,956321.477593506,1002222.9056900634,1012954.4572928849,968354.405891774,879517.5902620177
2022-04-27,914297.0132172126,972840.0073999789,959881.1447764284,1004203.68269812,1022450.4769843522,970153.3096620296,879088.3268000826
2022-04-28,931895.204669239,988107.2513117221,978422.0345545656,1019642.2263535155,1046807.0775626603,988053.8132594957,909692.9234578089
2022-04-29,889093.5921509285,951317.3088373569,941024.7138911134,986243.304875244,1014874.236803383,960693.5884693546,869044.9350113473
2022-05-02,896969.0728180427,953368.0112757114,950746.0414591676,986135.6646317138,1020404.324732155,963149.1012195174,883988.941613369
2022-05-03,894938.2162964363,953966.9974359897,957701.9514246827,988635.8265885009,1029416.4103721086,965109.369207019,884938.8405199093
2022-05-04,920050.5743591804,979520.2867273715,988192.7951365358,1014969.4539230956,1062847.7180427017,992268.2870152786,915077.6645347638
2022-05-05,875519.3617355842,945855.3471369174,951063.2629023439,983382.1718338622,1031359.0958426896,961298.3059943506,868757.6150195998
2022-05-06,866896.7537033577,941040.4547724155,949395.4246760255,977435.329258789,1031080.3313926164,958425.9546491443,858142.3560965545
2022-05-09,837588.8909111901,918396.9546961215,906848.7218485719,952314.7574051513,992811.1479590837,939383.15626133,823947.1838250464
2022-05-10,834322.3593173714,912677.7841333774,905064.3093424684,948363.7985581054,994487.412836403,936908.1273170502,834638.23395915
2022-05-11,810272.5097232552,898318.7593378451,890539.0386134034,937074.1409805907,986451.711336464,927392.7024682808,809063.321642253
2022-05-12,814390.4462466927,899373.5788416293,893768.4105540162,939542.5380295409,982557.117410988,924368.5458580491,807571.9909222199
2022-05-13,841894.1084247322,920349.294646683,919643.298119629,958086.3337601317,1004871.7167380754,937954.548092568,837446.5360016505
2022-05-16,828471.9296756478,913569.0846247104,915260.8719569093,954549.6778305663,1006550.437975258,938734.1147852638,827723.606354446
2022-05-17,843778.9236888619,927845.9520868686,935086.6849604493,970837.7010544433,1028362.5713981095,951294.9762926606,849392.2343717763
2022-05-18,789376.8540523414,882878.8050074008,892265.8065348512,930556.1045273436,995025.1286414567,917370.1410650994,806409.837012585
2022-05-19,786807.2517049179,877899.1327204135,889142.7521448976,928567.5141647948,990328.2335532609,910467.6102869802,802848.4423354652
2022-05-20,776453.8615758285,870537.65380806,880850.5896845704,925568.7211655272,989607.1399863664,910723.0846647779,800143.593975655
2022-05-23,784742.8418156967,881806.4191584018,895381.1325007326,937335.9797257079,1009088.9158805314,928736.5887331362,813573.955023726
2022-05-24,771790.8816106186,879150.1961664584,886348.6461573488,935130.441090454,1007423.9916556779,930145.9652004068,795696.5380647824
2022-05-25,788621.3323399887,889530.6336054233,902850.3962336427,942894.2828720702,1016294.2931388322,935729.4174706239,807465.8304105632
2022-05-26,820515.8405339584,912609.7855829623,930103.6872797853,962164.8606003417,1033155.4358085099,950788.0673323491,829968.755931504
2022-05-27,844576.328593956,933821.9395594028,953746.1386729127,983311.5937851561,1057716.559961647,967561.4680456745,857323.6393645554
2022-05-31,846672.0174825058,930255.8996729281,950288.5053263551,976105.8585251464,1045894.4353888932,961069.6877204106,854665.4012791417
2022-06-01,837320.8240010604,922566.6696619418,946666.2544413453,966518.2343338622,1044577.5454963151,955916.5020971658,848328.1865071178
2022-06-02,860007.8854710922,941468.4165644076,964008.1424342042,984813.2834061278,1061512.375536293,968590.4209739799,871619.987621209
2022-06-03,838331.57161306,927108.9026636508,952609.8797922975,971117.492085327,1052945.9284156265,958435.5136013648,848305.8716731999
2022-06-06,844998.5153004989,932494.1520532992,957634.7322703248,976148.7646988524,1056104.617105812,958904.016057219,851794.2479884465
2022-06-07,844376.3394505844,936524.0249323276,967201.3774348146,982462.4065750731,1070505.7781394424,966605.3452295252,859369.341860945
2022-06-08,838136.7074849472,924784.1797327426,959267.4366923219,970045.1540421142,1056420.9697669449,958761.769744414,852842.1208995255
2022-06-09,823386.1738698349,907222.4050592807,939998.9014521486,950270.1796463622,1031541.5868552629,940172.3388047713,829494.862801733
2022-06-10,796429.7391049728,884618.4628748324,910418.2905741578,927420.5606125487,1004055.5702613298,914536.1393258254,799954.3140086652
2022-06-13,763909.5685307846,851309.8545679477,872139.0361796266,893687.6266831054,961544.7510856095,889015.045563201,763143.5527130184
2022-06-14,761436.6180226669,844639.2608484653,871002.9279490358,886474.6883591308,958064.9252952043,884589.5920762658,764723.4825665359
2022-06-15,778330.954551445,856937.8698267367,879578.076951111,896891.5788162841,962811.0429328386,893436.9713415785,783793.3567154941
2022-06-16,747083.4959714279,829445.8866876987,840439.4938593751,870752.4421127929,926265.1422904435,871836.7549451077,752276.0965545698
2022-06-17,752855.025443779,830432.314544144,833455.1964197999,871213.7518204345,917785.1989921037,870721.2593600919,761633.9343924077
2022-06-21,773968.9891164169,850392.2178644565,858572.5613489992,891696.5013168944,941285.0492423478,889408.6126614695,780615.2754280998
2022-06-22,772663.786582695,850124.4025415805,848817.8315440065,892642.4278305663,932031.6636374894,888035.9357429025,779327.4190220755
2022-06-23,785113.750896202,861120.1011652377,846334.7147303468,902938.2422836913,930837.4911826554,893694.2095736548,790818.172065195
2022-06-24,812016.2238156662,886949.7044977573,873405.3195429689,928564.1145065917,958497.4997275773,917679.2138535619,818412.3787910047
2022-06-27,804898.0366895065,883637.8967127231,873796.9329539186,925994.0089310302,960374.6648963395,915860.7938891894,811813.5258923045
2022-06-28,777594.9770848617,864561.8433222201,860092.026635254,907949.2857712401,951208.6032966081,901549.1078652652,786767.9636888797
2022-06-29,778067.0500447616,864284.0625605014,851473.797326172,908645.6045273436,944074.1597312394,903947.2669021052,788153.1999174746
2022-06-30,769251.904021965,861949.9880518344,842231.8111582643,905092.2029770507,937405.787294716,896551.1983170782,777705.5663296884
2022-07-01,782682.6647565231,876167.1835626987,854572.1845789796,917876.8362320556,946912.662218422,905926.7665910978,783246.4452238497
2022-07-05,794998.5207211837,873732.3792414096,851929.7410975343,912966.9077957763,932850.5484412614,902155.9306356908,796376.678357747
2022-07-06,793423.2279012069,875945.6445154574,848800.0469523317,916505.2358292235,936480.1893256608,904191.0770822527,801290.8273158656
2022-07-07,809592.2695348129,887085.9249414828,868417.3202982789,926141.4589279784,951146.8015998307,914296.1413468609,818628.7270476583
2022-07-08,809349.7537762985,885363.9236139682,867194.4126063234,924472.5718582763,948287.8573325578,912944.4030855387,819753.7115741696
2022-07-11,791786.6710507736,875253.6162104037,852816.2876215822,916556.8467301024,942060.7550681535,908157.7008626044,801810.7365380648
2022-07-12,787523.9824902877,871299.2080530551,845941.467499817,911010.9839371337,933545.0387671891,902549.4977339593,794016.5875799463
2022-07-13,792490.6845738754,871033.4287409213,845285.3135004884,908279.6348770751,928713.3705542985,896474.2715111133,792903.8167938931
2022-07-14,791838.396964775,869749.5102381137,838944.1314249879,904737.2507370604,924663.6214240495,892319.4843081833,795599.2242624303
2022-07-15,802735.2539632187,879194.4986566928,853792.0059595949,917824.8946732177,937653.7848990861,911490.9871598236,810149.0901588611
2022-07-18,802864.1533620224,875064.0729669955,857179.4251185304,911030.689427246,935205.1199058,905208.6503055337,802974.8710542604
2022-07-19,824136.7343633041,895601.5999292758,884527.1931162721,932018.989918579,961036.0838111344,927187.0711984901,828118.4072622241
2022-07-20,833635.3576314315,899762.912490311,894791.8291026002,933199.0414322509,966921.8488105241,928579.264311174,840980.8623891067
2022-07-21,849173.9065816269,910477.6427759555,902911.8209849244,945499.0174149169,972594.4875129167,933300.4194331678,853131.4875180525
2022-07-22,846318.1152150497,910976.532927933,897854.6666499025,944055.2282608642,967389.9791282121,929291.5200486506,838059.6657726429
2022-07-25,841525.0197408065,911683.5859217074,902520.6708689576,945983.0829514159,974511.6911719743,931935.2531199169,833458.5186713431
2022-07-26,819718.1273343429,899385.3246759799,885476.3481379396,937623.4086960448,966965.4804557267,925278.5808688496,817131.3224675056
2022-07-27,845215.5044820175,917304.7181085971,909177.8229456788,952763.3816879882,988370.0285666886,937981.6317905261,851918.6300804621
2022-07-28,859394.0313069687,936740.5235590365,922690.0619898683,969402.4192093505,1006695.1713889543,947654.6655538832,859787.8440272333
2022-07-29,884389.1496083603,955785.6509241489,952896.173157776,983562.3023728026,1026224.8700507585,956845.7688094575,875343.6599958737
2022-08-01,889860.4115941391,960305.1067499545,950515.9363947755,984114.369114746,1021150.826570839,955484.4146973898,874857.6191458635
2022-08-02,883514.2981145248,953542.5758203891,943607.6898203737,977514.1439407958,1014284.2983649675,943766.6755352501,872208.8219517227
2022-08-03,901861.8331181869,967239.5471186069,952039.8469782716,989005.3858078612,1021200.4017508927,955895.2220487702,895982.7027027027
2022-08-04,903590.5890996322,968871.8859705356,947543.5381632692,989212.2361038817,1018077.8710425798,953399.1975487205,899888.9209820507
2022-08-05,891076.2627065048,961421.4405817416,944614.543130005,984358.5174912108,1020626.7141898576,955632.1232686064,892902.0012378792
2022-08-08,894153.0434834823,963272.8149561313,947375.5684519655,986814.5011185302,1019759.5084784928,956479.0009165215,889621.1264699815
2022-08-09,882688.1624486313,957884.525695267,943242.4699641115,981773.3940170897,1019518.9952414933,954785.5870118419,879413.4763771405
2022-08-10,903953.1062123642,975705.351943436,963896.8609171754,999758.6443527831,1039406.8518317643,970374.189736553,904437.3839488344
2022-08-11,900080.2433049545,974449.8396143344,970510.267411316,997932.2204941405,1045275.359308571,971165.4206268988,898601.0645760264
2022-08-12,917956.953555809,991210.3231806186,987021.2266169435,1014458.0404404296,1062228.9992240372,983528.4459624465,917116.6329688467
2022-08-15,924686.5127599105,997793.62646431,986854.5774775392,1019924.9607895507,1062945.6865409317,987938.7644416991,923965.6364761709
2022-08-16,934881.3043172226,1005855.4123377231,993170.6510020143,1025602.869908203,1064087.6765998306,994917.9375331576,921804.3325768517
2022-08-17,926311.7510869369,998758.1811823276,987391.2729121095,1017718.4544571532,1058608.816576332,989916.2157837874,910693.5258923046
2022-08-18,926708.3773991928,1000852.7652582553,993578.9978571779,1018582.2768601073,1066787.5949271622,990461.5312485562,913068.4712193109
2022-08-19,910658.5593755111,988787.2408594516,979172.5645457155,1008468.5109757079,1054592.1918586197,981946.2117758553,895282.3602228182
2022-08-22,888563.8704182968,969073.5736231235,959845.4622813112,990189.0073135985,1035955.9199469987,963210.5516266491,871461.142975036
2022-08-23,889722.0418279037,968741.944030228,968297.2780238038,988334.4874161376,1042176.6785911027,958723.6477325823,870869.6018155561
2022-08-24,893242.4255470657,972152.5798639682,973930.4275294191,991191.0503586425,1046104.5468619767,960461.1010957062,873308.1246131627
2022-08-25,902697.3089990158,982187.4119409946,985823.23182782,1003130.2466782226,1060981.092737526,969857.664925496,888567.8399009696
2022-08-26,870778.4477014084,952025.5786127475,955397.6242304689,972811.1997116698,1029678.0699637834,940481.4684917589,852168.7806890861
2022-08-29,866746.2412847977,949260.78662056,954581.603097046,968625.8756607665,1026608.6780112687,935109.2235467946,843998.7786259542
2022-08-30,857299.3917471314,937483.6892084506,938865.3434534913,957286.8190506591,1009212.3433249894,926133.0260206059,834424.5925314628
2022-08-31,849501.5065393448,929770.0106653598,930299.309876526,949267.5651596679,999867.7780402604,917963.2512909707,829646.9733855993
2022-09-01,856586.9423799515,936897.3875116733,929662.9639979249,955815.8200882567,994754.2097342912,922216.2453482611,829822.0590055705
2022-09-02,848093.3572130203,927251.1895136264,926523.1381617433,946271.4767349852,990005.0554984513,912370.183170008,817911.4833917888
2022-09-06,845747.4844560623,926322.5766596225,924015.9261866456,945458.1530960692,986739.3662742082,907326.2996135225,812021.0274396534
2022-09-07,869458.741150856,949564.828505936,939631.3215494996,967799.8231552733,1002319.6199897233,920027.2452897694,828792.4076748504
2022-09-08,875676.9222040176,953172.3388361362,946603.4584742433,974972.1178330077,1006125.2700217668,925656.7284668101,832970.4311945534
2022-09-09,890611.1387681961,965686.5213007358,963425.718041504,987205.2285507811,1022004.5991691056,936645.0854354113,851027.6212089952
2022-09-12,900507.6390047073,974451.1221460727,974848.0064555055,995748.3302048339,1034475.521631569,943334.6450339991,861264.9804002476
2022-09-13,857363.4487123489,935000.3744959262,934654.0199595338,957427.2350205077,995162.1965888444,906151.4019682793,813529.3253558903
2022-09-14,865985.2978601456,940779.501388016,944904.217866028,960096.4365280761,999995.8646186296,907028.8341241849,820342.5459046834
2022-09-15,861133.265545845,930748.0763239291,935287.2053004152,952887.3479355468,980270.0471213761,901981.1383665162,806354.4460491026
2022-09-16,855892.2097482681,923035.1502832797,922042.3130198366,945198.5713394774,967803.6634620134,897920.1199329871,801885.0753043119
2022-09-19,866741.3877649307,934592.4207147983,932064.2824030763,953922.94492041,977677.1943992082,903666.7002747288,808097.2477821333
2022-09-20,853960.9545259476,922049.2954401401,919453.2076655275,940767.9749954833,966916.6080802385,894535.2835720076,801219.8555807716
2022-09-21,837024.2223157883,907430.8528589633,902059.4070444948,924928.7998398436,951771.4226554338,879315.2125945113,786769.3501134723
2022-09-22,821312.1178693771,895072.5475305942,887308.4417429811,916057.5237320556,943028.5754111711,876195.1819694492,777565.6694862802
2022-09-23,803475.7544107437,878277.8887476352,859628.7968760377,901292.4518326415,919720.814676613,862029.1561698371,764693.047245719
2022-09-26,801965.1740198135,871475.3286585239,850854.8054362184,893112.5021866454,905885.4071143571,852427.2455628823,760830.7984320199
2022-09-27,801135.4745836258,866324.8331598666,852955.3058100587,889361.8500565185,904952.1560386125,848761.8425745262,762023.321642253
2022-09-28,820337.864077568,883718.5346216586,877392.4769907838,908254.5545395507,923855.8914206926,864748.0521927895,777036.9795749949
2022-09-29,795142.046336174,858653.5390924838,858936.3730402833,887832.6522873534,904947.6042579118,851401.7634446094,754791.6649473901
2022-09-30,779985.9812421799,843470.7079767612,846419.1612940675,874495.633076538,892863.830187172,836832.8391886088,741706.0614813287
2022-10-03,783572.9201231003,856852.5248560336,865580.6036997682,890901.3207749022,924285.7379172746,859129.9487207732,759182.6036723746
2022-10-04,807886.8178911209,881426.8633112338,897511.5168085939,916361.2461746825,955677.9943717424,883176.403407812,783034.1902207552
2022-10-05,803113.6837263107,873705.2490381625,897494.5664530641,910503.4513443602,953860.6565497819,881939.7139642864,782401.3864245926
2022-10-06,796145.6318483353,861310.4367365268,894653.3152705079,898374.1312149657,945792.7980521623,871832.9427439246,776473.8271095522
2022-10-07,771918.3800783157,839959.2226557162,873696.7648249513,876729.1189926757,922438.1821387712,853475.3732941538,746320.0825252733
2022-10-10,768662.1474485397,839411.1983179477,867582.2721262819,875317.9245041503,915552.3198493425,850739.6353077653,738714.5533319579
2022-10-11,764851.2648496628,837405.7567133334,861922.8192530519,874063.5728500976,908402.3625663224,851797.3788897824,729545.99546111
2022-10-12,767201.4898080826,832575.9331507114,862584.4578715211,869090.8517044677,901623.0480979386,850971.7812902628,729158.6548380441
2022-10-13,776845.9543790817,846811.1286768344,882833.6566019899,886403.2339981688,928546.5807364885,875089.359133704,745921.914586342
2022-10-14,751146.7250356674,824817.6716913608,854957.6319666749,866189.5191086425,903048.1571067277,863323.1993266856,722833.5217660408
2022-10-17,776811.5684480667,846979.1402582553,878648.3885279542,887280.6768997802,923734.7101920549,879374.6715532638,747879.0839694657
2022-10-18,787430.8148431778,861295.8860468295,892208.2596827394,900296.0915726317,937637.4402030412,889220.7337315168,753639.6781514338
2022-10-19,779579.1797685623,853291.5015406039,891141.4493113405,890692.9988297118,936952.5148032609,886307.8137378986,750640.709717351
2022-10-20,765393.7331323624,836714.5123590854,878425.4702692872,876899.2448929442,928798.6068976823,883679.5001669403,746809.5564266557
2022-10-21,785540.438372612,856992.1690363315,903636.3510523683,899008.7996414794,954201.0084937516,905498.54829103,764631.5164018981
2022-10-24,791112.3750886917,865315.8847956088,910351.7566309816,907828.3745468749,961752.408136696,917648.3179544206,772739.3274190221
2022-10-25,808819.7942285538,881834.5324549106,924086.919617737,923515.5363205565,976671.570207924,927469.34478162,788946.2347844028
2022-10-26,804847.3108530045,880808.4164881137,925018.5526133424,925836.7039841308,974598.6400245134,927538.3626925929,771092.5190839695
2022-10-27,802683.3368463516,883334.4393000033,927794.2373743898,926108.6136520995,975179.4361899797,933194.9295675916,756606.8248401074
2022-10-28,807196.9388628006,896582.7007746127,936563.5472498781,939563.729649414,998185.6385520402,957331.4546198986,780578.1060449763
2022-10-31,802112.795170784,891247.8857569125,934783.587510193,934695.3655747069,992526.5934623185,953577.7451205532,771070.2042500515
2022-11-01,795328.3976182938,887628.8056330112,933144.7637263185,932586.1258133544,992802.3341010514,951254.4645427738,763186.1357540747
2022-11-02,769021.1381883621,866424.9184717563,908095.9110728151,911356.7902725829,969122.4545386735,936529.9797190897,737319.8762120899
2022-11-03,764794.068520546,866852.6133417514,911703.2242213136,911592.9333695067,968559.1756080094,932261.8506541168,722734.8215390963
2022-11-04,771891.6507577896,876010.2353662875,922887.5520182496,923059.2552841796,985401.4266379777,943972.0792109404,733986.3173096761
2022-11-07,769365.9853372574,874613.0890802768,927819.3402186281,925213.9586838378,993872.4674018327,956317.6366992756,742096.8351557665
2022-11-08,768466.1665010452,877338.3604578403,929822.4419413453,930128.243244995,1002388.365343422,966042.7326131193,747674.2232308644
2022-11-09,748478.8885965347,861199.2383875278,902458.0170145875,914766.6974991454,978666.3552421037,947197.5428030535,729965.1578295853
2022-11-10,794666.8825273514,904792.7702478793,947450.5830088502,956624.3082626952,1029806.5390113298,982197.7032568944,784617.487105426
2022-11-11,809258.0521020889,910755.7827600864,963608.5586558229,959797.9202622069,1040653.9189246598,983144.153323773,798885.4466680421
2022-11-14,797799.6924371719,900589.1668695834,954620.2449427492,952833.5384110106,1034667.610430092,976992.6261787383,791038.6135754075
2022-11-15,807640.3257303238,909992.4465326694,964166.9876643068,958820.5137375487,1043204.5470145646,978630.5071228988,802545.6075923252
2022-11-16,798871.6920557022,905325.5253900912,951231.1676417238,954171.9417618407,1033122.4965537492,977491.6262440578,790913.5052609862
2022-11-17,791290.1996850967,897948.5101923373,946269.5288935548,947799.9744309081,1029195.4399436418,977272.908313489,789410.6870229008
2022-11-18,794045.5299730301,905318.7033686069,947542.304345215,956125.2177780761,1033916.6521018449,983080.9959608875,789421.4483185476
2022-11-21,786930.248913765,903606.7292475131,940156.9623194581,955343.1601151122,1030081.9083426896,981758.1052518021,781067.5799463586
2022-11-22,795111.0506105423,911822.3324427035,954323.987107361,965682.8848770751,1048702.0463508072,993347.4244427414,792654.3263874562
2022-11-23,804520.6877985001,919984.8336023715,958465.4333964235,972657.8533218993,1052443.381937355,996142.848981983,800353.1421497833
2022-11-25,805030.2570505142,922165.2364038852,959125.7982951051,975359.9017990722,1051683.5889075699,1000599.2552665843,794762.9461522591
2022-11-28,800313.5799798965,913377.5657343295,944140.6393671876,964861.4766281737,1030307.8613303605,986104.0146006166,783386.4080874769
2022-11-29,797794.3324327469,911828.8920587924,948470.9097987062,963693.4720810546,1031083.2790549699,986193.4590821085,777687.3447493294
2022-11-30,822532.4540758133,934938.5103907016,968196.0411539918,987730.9080856933,1058237.5828498306,1007670.7177657906,813288.6156385393
2022-12-01,821554.5637483597,933996.0852045444,966925.6064844972,987891.4308060302,1058166.7661460342,1001997.0244347303,814088.3845677739
2022-12-02,821469.7845430374,934925.5425409701,966117.4543391115,990510.8054245604,1057721.1682609024,1003012.7769052073,810868.3804415102
2022-12-05,800724.7838640213,917683.9049829867,941625.028122986,973898.54938208,1038775.7526343766,988948.4856685133,796843.1112028058
2022-12-06,789990.0783014297,909566.1523279574,926139.376572693,965468.5076798095,1024315.8178656999,978730.0795418622,780813.4021043944
2022-12-07,787047.1186189651,907242.1282343295,922736.1250086671,965349.7816971435,1021005.1130240861,978776.1673472109,777277.6232721271
2022-12-08,793777.8388566971,913855.0819544223,926887.9616251832,972802.972126831,1028529.4273627702,984123.604535222,786749.7421085208
2022-12-09,789754.9576005936,908230.4148859408,917749.0447626954,964879.2252091063,1017957.5764945451,975237.7618669271,781735.5064988652
2022-12-12,793293.2719392776,918716.2360224155,929689.5104914552,975362.883000244,1037811.8242515031,990636.3235177308,791410.4394470807
2022-12-13,793077.6838769913,919860.5426020053,934960.354546631,978593.8278244628,1048537.1176780168,993654.4488842995,800048.2607798638
2022-12-14,788297.8010797501,916611.5061182406,929276.7537546998,975283.8510025634,1042323.6433509294,989509.2775321152,793741.4153084382
2022-12-15,775199.9389009476,900358.3673090365,913969.6343317872,956205.8323715819,1017340.0446647111,967248.5261575038,766990.2207551063
2022-12-16,763250.427491188,889573.6187128451,902877.2955103761,945099.5857742919,1006898.9759925309,959040.3449234111,760128.3433051372
2022-12-19,753837.4365129471,882479.1003107455,895647.3240443117,937762.7528427733,999114.4115699235,954294.0975518386,749370.4146894986
2022-12-20,747144.088643074,879012.2177271274,895501.8459177858,936088.7096451415,1003677.1410010759,956980.0493287453,748547.6707241593
2022-12-21,758021.0934419632,892297.6606897739,911120.9367533571,949045.2130631102,1019472.0335257951,972325.1263659345,759598.332989478
2022-12-22,742850.4870424271,879826.1235193637,893093.4801569826,938916.1655243529,1002604.1290992204,962158.2703030438,740686.5772642872
2022-12-23,747636.0512208939,885915.2355646518,904258.144478882,944044.3164414061,1012774.3137839738,967298.3692655106,742668.1081081082
2022-12-27,739389.097161293,883498.4892725375,901847.9183283693,941821.9099548949,1013950.2671683732,968394.57625051,731652.5685991335
2022-12-28,732537.9849328995,874079.3617243198,890367.7467127687,932125.992161621,998281.7112143937,957736.685915817,721973.6084175778
2022-12-29,747521.6542596817,886620.6165613559,905529.2748576051,944447.0784500731,1012932.3922522966,967789.858725514,740342.4798844646
2022-12-30,745114.774178505,882384.9354395297,904772.4047404176,939935.9617661132,1010149.23759684,965647.1740664716,739579.2201361668
2023-01-03,741188.4606103897,880375.0088190463,895764.7483149415,937791.3062027587,1001172.0819877092,965330.2492815424,734365.5374458428
2023-01-04,750128.4275217056,889058.7588953403,904299.0799570924,946465.1967209472,1008156.8973868791,969216.4185473715,737891.8093666186
2023-01-05,743053.863598114,878239.676085892,901610.0730219728,934940.5766647948,997571.6702445451,959320.5132611117,726156.9795749948
2023-01-06,761032.271329483,899769.3872675326,922671.2508479005,955805.3630722655,1023882.131800026,979728.4210636519,746379.5667423148
2023-01-09,762722.3375182953,900002.9724115756,922491.590874756,953222.4653061522,1027667.8702643815,976437.6379646987,750983.4866927997
2023-01-10,769791.8721333656,905091.6737360385,930405.3707209474,959827.0386551513,1033759.7387107316,981869.3987669407,757563.457808954
2023-01-11,785710.6223668099,917501.9463800815,944006.8007746583,971657.6198319091,1045477.5042289201,989703.3015027811,770863.9570868579
2023-01-12,785367.6805047074,916901.8708032992,950625.9622050172,971098.9887131347,1052123.2491553726,996023.7034703776,774723.5650918094
2023-01-13,791909.1214760819,919940.12205452,954767.0968180543,974989.9625443114,1053490.9698127212,999305.1552112107,780258.3701258511
2023-01-17,792357.2875145951,918019.3358454135,952652.3206568605,971366.531803955,1051261.7628501358,987892.4490422499,781320.4373839488
2023-01-18,779488.958168892,900310.950026932,936996.8871012575,954497.1174057616,1033332.7580970231,970008.5598141194,771389.2799669899
2023-01-19,767823.1524514237,886740.5804743198,927426.4852839357,944724.2285660399,1024900.0425971452,962655.5634126097,763640.4208788942
2023-01-20,783568.7849053078,900085.7468866733,943286.7480860597,957570.7382401122,1041999.3027823869,972296.2219151725,785501.1017123994
2023-01-23,793651.2385452919,908394.9402155307,953150.2943964845,964471.8394364013,1051927.892687172,979697.8096571362,802639.5543635238
2023-01-24,793662.734196537,911100.6227869418,953590.5608378297,964943.89363562,1053381.1834052505,982739.2634190051,800888.5661233753
2023-01-25,797308.1718338662,909710.8973383334,954788.6680079347,964397.2610062255,1049796.30790934,983027.056159072,798728.6486486486
2023-01-26,809319.4176262551,917853.4871210483,971603.9965144044,971108.4378403319,1063320.398973793,989015.7397252074,814736.7691355477
2023-01-27,823009.6620110207,926173.4590601352,976530.7174235231,975062.9718674315,1060864.328852028,989850.8962769475,822519.3645553951
2023-01-30,812251.3040741616,917313.3054346469,961545.1361552125,966117.5251816405,1046418.4029029313,982247.7739590016,805333.5754074685
2023-01-31,828677.3367127114,932333.7724146274,977978.3699808961,982027.9457443847,1061133.7696479263,992996.0191515884,818147.3736331752
2023-02-01,842231.7483566933,942487.3184961703,982799.8309489137,990934.2268723143,1067568.5169776382,993197.6675246205,835803.6888797195
2023-02-02,860846.0905274086,954281.333419266,992214.7036600953,997325.6682022704,1073215.1427558365,992060.9487897343,865552.4654425419
2023-02-03,839356.1954926186,937413.4313501742,977488.6723032838,982626.4867752685,1062349.1075385513,988334.0953942464,850018.3041056324
2023-02-06,838609.5564926796,937885.5957788852,975243.7616129762,980284.4055527343,1056406.0432990494,987314.7014181616,842659.4924695689
2023-02-07,839577.1102551536,938666.2399744418,985163.7512369996,983949.806904663,1073273.1065772476,995054.2663993498,860490.8933360842
2023-02-08,832612.322781086,930178.5381006625,977688.2437296754,976490.5914353026,1062372.901834816,989004.1324260825,844746.4576026407
2023-02-09,830495.674914692,924417.4641107944,971608.1795435792,968862.4888504638,1052304.0524314346,981746.384155627,837025.3270063958
2023-02-10,824484.1176457367,926613.316710892,977811.9704676515,972641.0098770751,1063406.0865958633,986681.0794424036,831870.4683309264
2023-02-13,835961.0270619354,936915.2519525912,986421.5769434816,982136.7399796142,1072233.228548378,997653.9600121718,845214.9370744791
2023-02-14,842113.4370121917,938281.8365015414,990001.0766154176,982237.448399414,1072806.3418830337,993090.12931214,851203.3670311533
2023-02-15,850152.5994877777,945406.327056351,992540.7594538576,986671.5908707274,1074179.1150992813,994219.9064269615,857761.0233133897
2023-02-16,834241.9198781586,932385.7494043735,977758.9130411989,974104.3338974608,1061155.0642951431,981658.191441688,841170.2083763153
2023-02-17,836554.9379598236,937984.6003565219,971634.2431651002,978490.845600952,1051906.0333198013,985440.691594745,835471.0790179493
2023-02-21,813850.5657945023,916745.3343500522,949295.0072565919,959024.3728989257,1032612.1376365129,965132.697602319,815332.997730555
2023-02-22,816781.097406353,917050.2871241,949067.5336314088,959535.960408081,1031129.9776252214,962671.0398114428,815736.579327419
2023-02-23,816065.1976184502,916826.1896356967,953255.2835169679,960085.4386795653,1039326.4051230851,965841.1980371374,823434.7348875593
2023-02-24,804991.0480975761,908857.9216150668,945498.1082774049,952759.7587631835,1033528.6702521745,956024.0403096463,809204.6709304724
2023-02-27,812501.999208416,913943.8720087436,953094.1442347413,956126.4060257567,1037211.0692161027,958126.4408129024,815163.3257685166
2023-02-28,810705.954828228,909000.6583704379,949305.8280650026,951896.1746567382,1031584.9711554948,951356.4266997923,814103.9653393852
2023-03-01,801513.3000583305,901783.7622827914,949417.8234263307,947624.0558975829,1032757.5654242936,951506.1836179132,807103.5114503817
2023-03-02,801641.6901950493,908614.4409937289,952699.1040507203,954893.1687973632,1045493.6941932145,961461.4909644003,814289.8782752218
2023-03-03,815325.8947314873,921339.9688562778,968101.2534037477,967812.4488724364,1062138.8151191177,972747.1996252891,830916.542191046
2023-03-06,811149.3661517753,919545.9737085727,964972.3762369996,964256.7172592772,1061045.1818793716,973926.250862866,831705.5498246338
2023-03-07,800547.8000201836,907412.7048334506,950053.871331299,950073.0874374999,1044908.8111899797,957175.8940522152,821543.8498040026
2023-03-08,799649.9923190727,908821.444030228,947408.9137659913,950550.9576309813,1048106.2767203752,955484.4146973898,825813.7734681246
2023-03-09,782785.0049762382,894293.183608475,927814.1587839967,935173.2621658935,1031930.7567237321,939650.0103441519,810977.9079843202
2023-03-10,775719.8060168877,883297.2932123569,915002.4887476808,923530.3485306395,1014051.2121604386,929593.0822317968,799782.5954198473
2023-03-13,777296.4766673698,885869.164443436,906688.0293742067,925829.2366226806,1011353.8303626481,926956.6321717462,806062.3726016093
2023-03-14,789221.9150485649,897495.6551355746,919249.271103943,937144.8716324462,1026492.0968268815,936752.5667493668,824763.1937280793
2023-03-15,789063.9743480339,894485.926085892,898962.5818568117,930864.7001389159,1008348.7875388566,928571.4123147071,828246.8826077987
2023-03-16,800404.6889476433,904667.004577103,912565.02164563,941142.0961655272,1024561.2572806779,939407.9640182831,850561.1223437177
2023-03-17,790853.1685962334,893725.3624567416,897801.3877650148,929170.7573898925,1013878.7246879045,928204.6444217709,846402.772849185
2023-03-20,795953.8937854423,901800.2942957309,907534.07948407,939628.4638565673,1025436.760996193,939350.5534064351,849291.5535382711
2023-03-21,813093.5830516472,910471.1827082065,929768.1858607179,948466.1346024169,1035332.5437644426,948556.8485682169,861381.3080255829
2023-03-22,797180.4940776482,893588.9586328891,909990.2929087526,931627.7000473632,1018272.3753913346,933102.5832613187,849598.4815349701
2023-03-23,795794.0493754997,890331.1616663364,905515.7942973024,928911.3548935546,1018793.8462317887,935291.5833198105,860555.857231277
2023-03-24,796632.0974101677,897817.322860184,906058.3284006959,937632.8109635009,1027073.3650611344,939145.1497307448,863112.6222405612
2023-03-27,798969.3378696098,901540.6065210727,914314.1625529176,941893.441166748,1031370.2901099626,944812.8118181423,856759.166494739
2023-03-28,798530.5092830315,903050.0597223666,918304.58414563,942259.1077164306,1034847.436891884,943710.7442850552,852533.8724984527
2023-03-29,811340.5007877006,916125.6996454623,933192.5633326417,953508.5775345458,1051739.3155234756,953130.5796116197,868452.0734474933
2023-03-30,817269.3929881706,920829.3609156039,937811.7269297487,958712.727116455,1058656.177652687,957250.7725112756,876369.2180730349
2023-03-31,835685.5677356377,935853.8002771762,953882.572968567,973317.994328369,1071502.7210792007,969343.9850406949,891121.2378791005
